{"132L": [42, [1484.3664393194222, 1370.4717662012797, 1380.2873432826423, 1366.6602057041562, 1359.606773240094, 1357.043826426763, 1326.6095774673292, 1336.4982724889085, 1281.8797169611225, 1289.9201467197531, 1303.1149580244723], [[266.1904469853747, 1668.864166510819, 5607.529324632786], [178.3378985993264, 1572.1629514857832, 5451.951030897228], [217.6130159948104, 1571.4780911896037, 5473.604294823171], [230.80775816934687, 1597.0488893600448, 5463.6204313465205], [194.67431696686586, 1616.00068074043, 5389.582997903909], [228.05029821529556, 1626.2762064072185, 5411.807374565896], [160.1458325215445, 1681.9961322738686, 5298.599927796377], [158.29813541738653, 1686.1028550674043, 5288.584810591804], [126.32994204832916, 1694.5976472208415, 5389.116953225449], [132.08520461012907, 1685.64264136104, 5354.3788529799685], [130.885519710714, 1663.9894271805363, 5366.152708562954]]], "135L": [43, [1459.8694611084754, 1391.1177547096347, 1400.8756225013635, 1363.8793186407531, 1364.098168968826, 1364.4056030522336, 1333.855144977148, 1327.0694937944052, 1286.3204134999069, 1293.2744610945394, 1267.2117111905952], [[1763.6816069727881, 1017.3336258927951, 3128.29273065734], [1952.1864892778442, 1062.2314923491451, 3191.95908427488], [1706.950019706161, 1085.4615928963265, 3164.2321980907477], [1749.461902921672, 1110.0872218752, 3177.6453369711876], [1824.4875584078382, 1109.2216274070086, 3156.214822174609], [1941.509595431904, 1013.775669317194, 3242.537412540082], [1898.7031724400354, 1122.5451798228298, 3183.1980637524744], [1904.3162550066597, 1135.1843196792327, 3189.6183821146], [1880.6605544426054, 1176.7564903323193, 3282.7001879304366], [1886.8040457912655, 1188.8319662007016, 3273.994254227073], [1849.7077753895094, 1206.5607291980102, 3289.7204816384638]]], "133L": [48, [1633.103766498268, 1638.3864311539232, 1521.5074898722407, 1510.0574368417451, 1489.0124357952623, 1483.0464844796434, 1459.7700296644518, 1431.4383678922115, 1380.8223078536255, 1391.347265973941, 1370.0039645347995], [[1257.4711195260877, 1282.916043646928, 2924.467055128259], [1214.5623590138216, 1328.144932073457, 2956.3433489212134], [1331.766285701895, 1726.288152469173, 2855.883374403743], [1366.985410487019, 1740.3773427739177, 2858.999874113897], [1366.7257736096465, 1679.2338674702467, 2733.1677068810172], [1381.9437666966255, 1695.6052637685816, 2762.6085895752117], [1255.6656183158373, 1551.5051319824454, 2832.479624721579], [1349.417683167759, 1617.469281691253, 2751.2105861987584], [1225.2678271724621, 1848.6466702688813, 2633.4378778709643], [1229.1571435820395, 1853.6131443100746, 2607.5477869179817], [1260.0973525658667, 1527.164203678063, 2694.2962893732906]]], "134L": [48, [1620.7922499005977, 1636.0621698840487, 1499.6155792978502, 1518.4475540882802, 1502.9577477518444, 1488.0194533258775, 1443.9948940204672, 1440.524518029793, 1368.0403505294107, 1432.15854891635, 1341.7241753976796], [[1157.2796671489994, 1295.9101760778187, 2739.853278214906], [1396.7085328374678, 1749.2525825540188, 3052.053248219593], [1329.390581274315, 1687.7486606767868, 2664.854282636428], [1325.9458375077668, 1652.6051799662614, 2626.113669748226], [1372.8503981058125, 1595.510613363702, 2522.197701768838], [1353.7045355338373, 1677.058387383463, 2604.66686518172], [1344.997800853986, 1653.757024397393, 2425.526201818068], [1350.4730138174095, 1666.9818063339728, 2488.931045015403], [1227.7853366201375, 1837.032001779808, 2480.4788153074287], [1475.693289920177, 1681.6350953298177, 2779.990539836364], [1277.4186065006656, 1850.5148130699533, 2518.7126925359917]]], "149L": [69, [1965.7233490721956, 1956.5704876667767, 1949.6214023711893, 1916.4480500412062, 1908.8059278240385, 1911.9134338185647, 1804.5633117512082, 1778.042341285265, 1783.7841381962623, 1772.7425636504786, 1753.582288351777], [[3582.568152459811, -1436.706646092572, 2439.6674861008146], [3580.4850769262816, -1575.937017535344, 2408.9453668481883], [3539.600509105173, -1562.8787664789027, 2675.8512730480343], [3530.7489850946604, -1652.260034421185, 2514.353126120106], [3524.314512227188, -1623.7831984106217, 2524.0921829741924], [3443.9508238016806, -1430.3365750158894, 2346.920593582645], [3727.017126865895, -1535.324384528106, 2575.2972210339167], [3726.6103433785665, -1528.5569905886744, 2561.797288826287], [3741.995095562542, -1487.1865232046512, 2590.365003653525], [3694.0171632874058, -1539.0422718408697, 2622.345803925776], [3688.0920412017094, -1522.426988391454, 2607.542248956993]]], "153L": [66, [1661.8671222010757, 1658.9015521694964, 1617.0311076479975, 1616.092848232914, 1614.334068800374, 1593.9226256798784, 1555.103442516416, 1570.9978943031804, 1542.1801471029887, 1515.791286222234, 1523.8935290952193], [[604.4509590451746, 2842.493789365838, 2871.0623564600564], [573.1914909274218, 2863.6561390442384, 2911.5223790739587], [633.4284534680932, 2899.437851571045, 2958.7075861050344], [658.3574436763515, 2869.690541620348, 2922.168979495096], [468.99907627157575, 2843.3171164564915, 2994.900046137319], [399.08856531879536, 3067.4792174184586, 2934.8074960906624], [553.8336299491032, 2878.8013179519444, 2947.3591114285578], [647.8925957388329, 2770.78804309673, 2918.1458923772407], [660.0084667987718, 2937.231577229373, 2854.605311349876], [757.2556069427108, 2935.321813998671, 3113.6338023636144], [481.2159624466997, 2953.5505745668643, 3042.4555827544386]]], "171L": [70, [1946.6443125130638, 1937.9497582411973, 1918.3714761445501, 1874.714936092023, 1873.5015210676277, 1875.2903002725702, 1800.850303060415, 1785.8798752063942, 1779.2857006547663, 1779.940057336968, 1777.869443363833], [[822.2154034645853, 4869.957205965807, 338.4429040462003], [849.6765500052144, 4464.220416088537, 522.4471554600211], [739.8501509467876, 4844.4895607258895, 432.02849294545473], [670.5753966141267, 4413.393998652275, 510.93575801530403], [771.4318934055902, 4385.543419058857, 582.855093458035], [715.9707217569775, 4432.3310788822855, 527.0952658200166], [998.5646044284806, 4521.891973379253, 403.50367018222056], [987.3738792033352, 4490.158541169744, 399.7400192706161], [933.7666461598769, 4373.6396271005115, 457.057668858775], [985.0146546624306, 4555.862148856771, 366.5693447102988], [1029.0868519505404, 4455.64595183149, 411.3098561788398]]], "177L": [69, [1952.1457215558185, 1893.9292285521055, 1895.5929862889384, 1879.476701588816, 1864.8205441566208, 1856.886000308274, 1819.3952579940774, 1793.3789754217285, 1794.6991296726214, 1770.4129742697048, 1788.087883218014], [[5042.148604370647, 5745.012913197391, 3483.9209611095503], [4805.402011867061, 5571.409535957848, 3430.1736150306906], [4822.3504914122095, 5589.970880080694, 3404.21705105945], [5111.441213658354, 5842.36203516805, 3269.34683232163], [5069.332840774855, 5909.541743395313, 3393.1752024893062], [4848.250074755535, 5615.704407723437, 3311.0596503473503], [5165.455283881532, 5788.050852157078, 3327.105364902744], [5210.539843305698, 5613.136513968396, 3268.1970015574234], [5200.461866371092, 5586.312368866031, 3239.323907672571], [5217.827358962586, 5689.727291895082, 3255.944264430812], [5008.305129169691, 5911.260108939431, 3313.8341255947944]]],