{"132L": [42, [1480.583175679504, 1480.583175679504, 1362.9333280720052, 1362.9333280720052, 1362.9333280720052, 1350.1084561026519, 1350.1084561026519, 1319.8696014450466, 1319.8696014450466, 1319.8696014450466, 1274.4778215047272]], "133L": [48, [1659.4478856930791, 1621.2117354174632, 1621.2117354174632, 1504.7913332278733, 1504.7913332278733, 1475.9258150691583, 1475.9258150691583, 1430.0089601234763, 1430.0089601234763, 1373.6378554507573, 1373.6378554507573]], "134L": [48, [1660.8172900643433, 1617.9146381042415, 1617.9146381042415, 1542.2358848260228, 1542.2358848260228, 1477.2739515971757, 1477.2739515971757, 1435.2874596807014, 1435.2874596807014, 1363.1816567474445, 1363.1816567474445]], "135L": [43, [1453.41407515992, 1453.41407515992, 1380.9616537646618, 1380.9616537646618, 1357.8767146328848, 1357.8767146328848, 1357.8767146328848, 1322.9794622706365, 1322.9794622706365, 1280.0837090331115, 1280.0837090331115]], "149L": [69, [1969.269812038972, 1956.7560924255865, 1939.2127976789939, 1939.2127976789939, 1908.4432790876642, 1900.5553071720599, 1786.5846317517967, 1786.5846317517967, 1775.0083815614864, 1765.5971972330542, 1765.5971972330542]], "1A18": [50, [1633.4823126039225, 1633.4823126039225, 1562.69226070198, 1562.69226070198, 1526.671586336571, 1526.671586336571, 1511.2703935177856, 1511.2703935177856, 1502.3594839090542, 1502.3594839090542, 1470.67606689446]]}