{"132L": [42, [1480.583175679504, 1480.583175679504, 1362.9333280720052, 1362.9333280720052, 1362.9333280720052, 1350.1084561026519, 1350.1084561026519, 1319.8696014450466, 1319.8696014450466, 1319.8696014450466, 1274.4778215047272]], "133L": [48, [1659.4478856930791, 1621.2117354174632, 1621.2117354174632, 1504.7913332278733, 1504.7913332278733, 1475.9258150691583, 1475.9258150691583, 1430.0089601234763, 1430.0089601234763, 1373.6378554507573, 1373.6378554507573]], "134L": [48, [1660.8172900643433, 1617.9146381042415, 1617.9146381042415, 1542.2358848260228, 1542.2358848260228, 1477.2739515971757, 1477.2739515971757, 1435.2874596807014, 1435.2874596807014, 1363.1816567474445, 1363.1816567474445]], "135L": [43, [1453.41407515992, 1453.41407515992, 1380.9616537646618, 1380.9616537646618, 1357.8767146328848, 1357.8767146328848, 1357.8767146328848, 1322.9794622706365, 1322.9794622706365, 1280.0837090331115, 1280.0837090331115]], "149L": [69, [1969.269812038972, 1956.7560924255865, 1939.2127976789939, 1939.2127976789939, 1908.4432790876642, 1900.5553071720599, 1786.5846317517967, 1786.5846317517967, 1775.0083815614864, 1765.5971972330542, 1765.5971972330542]], "1A18": [50, [1633.4823126039225, 1633.4823126039225, 1562.69226070198, 1562.69226070198, 1526.671586336571, 1526.671586336571, 1511.2703935177856, 1511.2703935177856, 1502.3594839090542, 1502.3594839090542, 1470.67606689446]], "171L": [70, [1945.3140316451584, 1945.3140316451584, 1919.2715023498104, 1869.7384213004575, 1869.7384213004575, 1859.607808967233, 1784.6014809227177, 1784.6014809227177, 1781.0184266895715, 1772.1014668336113, 1755.5081266323214]], "153L": [66, [1713.033353366007, 1652.286751908843, 1652.286751908843, 1611.688263490325, 1599.9207628204183, 1599.9207628204183, 1576.6582919950126, 1545.9362483670573, 1545.9362483670573, 1536.738423580518, 1499.948383692935]], "1AE3": [42, [1741.4918649654023, 1741.4918649654023, 1630.9903917548784, 1630.9903917548784, 1630.9903917548784, 1607.312451213598, 1607.312451213598, 1531.9704502990323, 1531.9704502990323, 1531.9704502990323, 1482.0124775947431]], "1ACD": [48, [1632.0798356704972, 1599.0224696594755, 1599.0224696594755, 1545.365130758534, 1545.365130758534, 1534.62573171348, 1534.62573171348, 1506.4992975680632, 1506.4992975680632, 1498.1705246078307, 1498.1705246078307]], "1ACX": [48, [1625.6248871370892, 1585.9128676409193, 1585.9128676409193, 1539.7415677454803, 1539.7415677454803, 1490.2384923494017, 1490.2384923494017, 1434.1805560260696, 1434.1805560260696, 1424.6108756043247, 1424.6108756043247]]}