{"132L": [42, [1480.583175679504, 1480.583175679504, 1362.9333280720052, 1362.9333280720052, 1362.9333280720052, 1350.1084561026519, 1350.1084561026519, 1319.8696014450466, 1319.8696014450466, 1319.8696014450466, 1274.4778215047272]], "133L": [48, [1659.4478856930791, 1621.2117354174632, 1621.2117354174632, 1504.7913332278733, 1504.7913332278733, 1475.9258150691583, 1475.9258150691583, 1430.0089601234763, 1430.0089601234763, 1373.6378554507573, 1373.6378554507573]], "134L": [48, [1660.8172900643433, 1617.9146381042415, 1617.9146381042415, 1542.2358848260228, 1542.2358848260228, 1477.2739515971757, 1477.2739515971757, 1435.2874596807014, 1435.2874596807014, 1363.1816567474445, 1363.1816567474445]], "135L": [43, [1453.41407515992, 1453.41407515992, 1380.9616537646618, 1380.9616537646618, 1357.8767146328848, 1357.8767146328848, 1357.8767146328848, 1322.9794622706365, 1322.9794622706365, 1280.0837090331115, 1280.0837090331115]], "149L": [69, [1969.269812038972, 1956.7560924255865, 1939.2127976789939, 1939.2127976789939, 1908.4432790876642, 1900.5553071720599, 1786.5846317517967, 1786.5846317517967, 1775.0083815614864, 1765.5971972330542, 1765.5971972330542]], "1A18": [50, [1633.4823126039225, 1633.4823126039225, 1562.69226070198, 1562.69226070198, 1526.671586336571, 1526.671586336571, 1511.2703935177856, 1511.2703935177856, 1502.3594839090542, 1502.3594839090542, 1470.67606689446]], "171L": [70, [1945.3140316451584, 1945.3140316451584, 1919.2715023498104, 1869.7384213004575, 1869.7384213004575, 1859.607808967233, 1784.6014809227177, 1784.6014809227177, 1781.0184266895715, 1772.1014668336113, 1755.5081266323214]], "153L": [66, [1713.033353366007, 1652.286751908843, 1652.286751908843, 1611.688263490325, 1599.9207628204183, 1599.9207628204183, 1576.6582919950126, 1545.9362483670573, 1545.9362483670573, 1536.738423580518, 1499.948383692935]], "1AE3": [42, [1741.4918649654023, 1741.4918649654023, 1630.9903917548784, 1630.9903917548784, 1630.9903917548784, 1607.312451213598, 1607.312451213598, 1531.9704502990323, 1531.9704502990323, 1531.9704502990323, 1482.0124775947431]], "1ACD": [48, [1632.0798356704972, 1599.0224696594755, 1599.0224696594755, 1545.365130758534, 1545.365130758534, 1534.62573171348, 1534.62573171348, 1506.4992975680632, 1506.4992975680632, 1498.1705246078307, 1498.1705246078307]], "1ACX": [48, [1625.6248871370892, 1585.9128676409193, 1585.9128676409193, 1539.7415677454803, 1539.7415677454803, 1490.2384923494017, 1490.2384923494017, 1434.1805560260696, 1434.1805560260696, 1424.6108756043247, 1424.6108756043247]], "1AAJ": [53, [1549.7091379937453, 1549.7091379937453, 1518.380769647999, 1518.380769647999, 1507.836030319389, 1507.836030319389, 1461.4046335274809, 1440.8768131352688, 1440.8768131352688, 1423.6236247680024, 1423.6236247680024]], "1AGI": [42, [1780.2541967033083, 1780.2541967033083, 1694.083193881476, 1694.083193881476, 1694.083193881476, 1650.7150820440181, 1650.7150820440181, 1594.130362969998, 1594.130362969998, 1594.130362969998, 1533.5495737921533]], "1AIU": [45, [1366.0285786637264, 1366.0285786637264, 1341.1889817530353, 1341.1889817530353, 1328.168269996528, 1328.168269996528, 1309.440744112074, 1309.440744112074, 1285.6001537393822, 1285.6001537393822, 1260.0902129860835]], "1AKI": [42, [1456.4065216115564, 1456.4065216115564, 1376.932743226736, 1376.932743226736, 1376.932743226736, 1351.8235469552512, 1351.8235469552512, 1318.378659832713, 1318.378659832713, 1318.378659832713, 1272.4988563140078]], "1AHQ": [54, [1693.9557028743716, 1693.9557028743716, 1661.8301671413099, 1643.4603651360792, 1643.4603651360792, 1585.7214612996647, 1585.7214612996647, 1579.7857051906192, 1579.7857051906192, 1519.980549123995, 1519.980549123995]], "1AEP": [62, [2245.6623707842073, 2245.6623707842073, 2217.418868981794, 2194.3563887711466, 2194.3563887711466, 2075.982042443328, 2075.982042443328, 2048.2645016245733, 2028.5106775810323, 2028.5106775810323, 1991.385601519735]], "1ALB": [50, [1624.8100096611288, 1624.8100096611288, 1564.362255570526, 1564.362255570526, 1539.368003315454, 1539.368003315454, 1530.8875911467935, 1530.8875911467935, 1516.4525722747417, 1516.4525722747417, 1495.5706377450906]], "1AF3": [63, [1678.2150748016536, 1678.2150748016536, 1655.393112033995, 1623.4797476209994, 1623.4797476209994, 1569.5945923448414, 1563.8473857247257, 1563.8473857247257, 1546.7686469055177, 1546.7686469055177, 1530.6892434910596]], "177L": [69, [1946.9499762991784, 1937.0369710927503, 1888.2511075199716, 1888.2511075199716, 1869.2386853857677, 1848.1744084692784, 1805.9013443052775, 1805.9013443052775, 1785.6130828119203, 1765.6992858229144, 1765.6992858229144]], "1A3S": [72, [1990.274624466683, 1990.274624466683, 1949.691805761822, 1924.5979428024737, 1905.6917499891076, 1905.6917499891076, 1888.8338026248737, 1875.8841655502563, 1875.8841655502563, 1841.4626417435743, 1818.8724930326266]], "1AUC": [45, [1347.4438423469794, 1347.4438423469794, 1329.5755323039148, 1329.5755323039148, 1302.8658107251724, 1302.8658107251724, 1292.5619639603942, 1292.5619639603942, 1268.4794365628882, 1268.4794365628882, 1247.1985594623316]], "1ALY": [61, [1743.8704304835244, 1743.8704304835244, 1703.524019771185, 1703.524019771185, 1689.3434637090388, 1668.8883651620883, 1668.8883651620883, 1655.9371212445262, 1655.9371212445262, 1561.5544900764805, 1544.1607601287237]], "1A58": [74, [1812.0034553805908, 1791.6076475711754, 1791.6076475711754, 1744.7387309503235, 1732.2919828861181, 1717.5566979081182, 1717.5566979081182, 1688.1497029057105, 1677.7613890471378, 1652.931101529873, 1652.931101529873]], "1AZ5": [44, [1681.6716962887338, 1681.6716962887338, 1649.098822839095, 1649.098822839095, 1595.5683920985616, 1595.5683920985616, 1465.6765746286687, 1465.6765746286687, 1465.6765746286687, 1437.6545422908332, 1437.6545422908332]], "1AQT": [61, [2012.8220075877384, 2012.8220075877384, 1958.6047190704687, 1958.6047190704687, 1898.840024662948, 1844.6893424075872, 1844.6893424075872, 1818.4851687607509, 1818.4851687607509, 1785.0640663286388, 1750.1823867642343]], "1B1J": [42, [1672.5767749264967, 1672.5767749264967, 1614.1415622741486, 1614.1415622741486, 1614.1415622741486, 1577.5992929663823, 1577.5992929663823, 1466.2349065709068, 1466.2349065709068, 1466.2349065709068, 1436.739423384549]], "1AMM": [66, [1993.6518378866833, 1954.9611780845858, 1954.9611780845858, 1927.6011136262164, 1859.560068883279, 1859.560068883279, 1832.7060566362588, 1795.304326243341, 1795.304326243341, 1777.4910150749313, 1725.2244476554636]], "1AX8": [58, [1714.0849077995047, 1672.266826625619, 1672.266826625619, 1634.3328671636277, 1612.579564813379, 1612.579564813379, 1594.8141952201318, 1594.8141952201318, 1557.4566954872582, 1538.921208320077, 1538.921208320077]], "1B1U": [51, [1658.683870337238, 1658.683870337238, 1632.689597086551, 1632.689597086551, 1602.220394752799, 1602.220394752799, 1581.292741779408, 1581.292741779408, 1570.2599461443278, 1570.2599461443278, 1529.5434515299687]], "1BAS": [49, [1444.1471573557044, 1397.504200466363, 1397.504200466363, 1377.6273710708094, 1377.6273710708094, 1349.4246535197003, 1349.4246535197003, 1346.1563188462162, 1346.1563188462162, 1305.71398228982, 1305.71398228982]], "1BEO": [43, [1520.0070397741135, 1520.0070397741135, 1431.8830441883674, 1431.8830441883674, 1384.1834934023968, 1384.1834934023968, 1384.1834934023968, 1328.210980986204, 1328.210980986204, 1243.939561297262, 1243.939561297262]], "1AB0": [48, [1606.3270371698254, 1551.9118150771656, 1551.9118150771656, 1526.2509846665703, 1526.2509846665703, 1508.7739695867897, 1508.7739695867897, 1484.749324525516, 1484.749324525516, 1464.2663230653768, 1464.2663230653768]], "1A1X": [48, [1684.7208527467358, 1656.6023165537722, 1656.6023165537722, 1625.8955865072026, 1625.8955865072026, 1590.782933124214, 1590.782933124214, 1550.3518738222108, 1550.3518738222108, 1521.96978166352, 1521.96978166352]],